marque,pays
ROVER,Royaume-Uni
MERCEDES,Allemagne
LAMBORGHINI,Italie
PORSCHE,Allemagne
HYUNDAI,Corée du Sud
DACIA,Roumanie
EBRO,Espagne
FIAT,Italie
DATSUN,Japon
WIESMANN,Allemagne
TOYOTA,Japon
SKODA,République tchèque
SUBARU,Japon
NISSAN,Japon
SAVIEM,France
CITROEN,France
LADA,Russie
BENTLEY,Royaume-Uni
SUZUKI,Japon
MCC,Allemagne
INFINITI,Japon
FORD,États-Unis
AUDI,Allemagne
SEAT,Espagne
AUTOBIANCHI,Italie
FERRARI,Italie
ISUZU,Japon
OLDSMOBILE,États-Unis
MINI,Royaume-Uni
ALFA ROMEO,Italie
SAAB,Suède
BRM,Royaume-Uni
AUSTIN,Royaume-Uni
LORENZ,Allemagne
PEUGEOT,France
CARBODIES,Royaume-Uni
DODGE,États-Unis
CHEVROLET,États-Unis
TVR,Royaume-Uni
JAGUAR,Royaume-Uni
SIMCA,France
HOTCHKISS,France
STEYR PUCH,Autriche
MOKE,Royaume-Uni
DELAHAYE,France
SSANGYONG,Corée du Sud
LEXUS,Japon
JEEP,États-Unis
VOLVO,Suède
ARO,Roumanie
GRANDIN,France
MARUTI,Inde
DAEWOO,Corée du Sud
MAZDA,Japon
LAND-ROVER,Royaume-Uni
TATA,Inde
BMW,Allemagne
MG,Royaume-Uni
MASERATI,Italie
VOLKSWAGEN,Allemagne
GME,États-Unis
MORRIS,Royaume-Uni
AUTOLAND,France
PONTIAC,États-Unis
AUVERLAND,France
DAIMLER,Royaume-Uni
SALMSON,France
SANTANA,Espagne
KIA,Corée du Sud
HUMMER,États-Unis
PROTON,Malaisie
BERTONE,Italie
MAHINDRA,Inde
UNIMOG,Allemagne
HONDA,Japon
PININFARINA,Italie
TEILHOL,France
BREMACH,Italie
GMC,États-Unis
ALPINE RENAULT,France
RAMBLER,États-Unis
SMART,Allemagne
DAIHATSU,Japon
CADILLAC,États-Unis
MARTIN,Royaume-Uni
RENAULT,France
PIAGGIO,Italie
UMM,Portugal
DANGEL,France
LINCOLN,États-Unis
BEDFORD,Royaume-Uni
LOTUS,Royaume-Uni
ASTON MARTIN,Royaume-Uni
MEGA,France
COURNIL,France
OPEL,Allemagne
ENGIN TRAVAUX PUBLIC,France
LANCIA,Italie
TRIUMPH,Royaume-Uni
AUSTIN-HEALEY,Royaume-Uni
TALBOT,France
PGO,France
BUICK,États-Unis
MORGAN,Royaume-Uni
CATERHAM,Royaume-Uni
CHRYSLER,États-Unis
MITSUBISHI,Japon
ENGIN LOISIRS,France
PONCIN,France
FSO,Pologne
AUTO-UNION,Allemagne
SUNBEAM,Royaume-Uni
ASIA,Corée du Sud
JIDE,France
HANOMAG,Allemagne
PANTHER,Royaume-Uni
LDV,Royaume-Uni
MATRA,France
RELIANT,Royaume-Uni
PANHARD,France
ENGIN SPECIAL,France
EAGLE,États-Unis
AMPHICAR,Allemagne
DAF,Pays-Bas
SATURN,États-Unis
PLYMOUTH,États-Unis
SIATA,Italie
LAFER,Brésil
SINGER,Royaume-Uni
WILLYS,États-Unis
DETHLEFFS,Allemagne
SECMA,France
CHEYENNE,États-Unis
DE LOREAN,États-Unis
INTERNATIONAL,États-Unis
LOHR,France
CHENARD ET WALKER,France
EBS,France
MVS,France
ACMA,France
AMC,États-Unis
YAMAHA,Japon
NECKAR,Allemagne
VEH SPECIAL,France
ROLLS ROYCE,Royaume-Uni
SMS,France
VAUXHALL,Royaume-Uni
RAYTON FISSORE,Italie
MERCURY,États-Unis
STRAUBENHARDT,Allemagne
DONKERVOORT,Pays-Bas
NSU,Allemagne
